-- MySQL dump 10.13  Distrib 8.0.21, for macos10.15 (x86_64)
--
-- Host: localhost    Database: MovieApp
-- ------------------------------------------------------
-- Server version	8.0.21

/*!40101 SET @OLD_CHARACTER_SET_CLIENT=@@CHARACTER_SET_CLIENT */;
/*!40101 SET @OLD_CHARACTER_SET_RESULTS=@@CHARACTER_SET_RESULTS */;
/*!40101 SET @OLD_COLLATION_CONNECTION=@@COLLATION_CONNECTION */;
/*!50503 SET NAMES utf8 */;
/*!40103 SET @OLD_TIME_ZONE=@@TIME_ZONE */;
/*!40103 SET TIME_ZONE='+00:00' */;
/*!40014 SET @OLD_UNIQUE_CHECKS=@@UNIQUE_CHECKS, UNIQUE_CHECKS=0 */;
/*!40014 SET @OLD_FOREIGN_KEY_CHECKS=@@FOREIGN_KEY_CHECKS, FOREIGN_KEY_CHECKS=0 */;
/*!40101 SET @OLD_SQL_MODE=@@SQL_MODE, SQL_MODE='NO_AUTO_VALUE_ON_ZERO' */;
/*!40111 SET @OLD_SQL_NOTES=@@SQL_NOTES, SQL_NOTES=0 */;

--
-- Table structure for table `MOVIE`
--

DROP TABLE IF EXISTS `MOVIE`;
/*!40101 SET @saved_cs_client     = @@character_set_client */;
/*!50503 SET character_set_client = utf8mb4 */;
CREATE TABLE `MOVIE` (
  `movie_id` int NOT NULL AUTO_INCREMENT,
  `movie_title` varchar(45) NOT NULL,
  `movie_price` decimal(18,2) NOT NULL,
  PRIMARY KEY (`movie_id`)
) ENGINE=InnoDB AUTO_INCREMENT=18 DEFAULT CHARSET=utf8mb4 COLLATE=utf8mb4_0900_ai_ci;
/*!40101 SET character_set_client = @saved_cs_client */;

--
-- Dumping data for table `MOVIE`
--

LOCK TABLES `MOVIE` WRITE;
/*!40000 ALTER TABLE `MOVIE` DISABLE KEYS */;
INSERT INTO `MOVIE` VALUES (10,'FARGO',15.00),(11,'GREENLAND',8.00),(12,'EMMA',12.00),(13,'AVENGER',18.00),(14,'IRONMAN',12.00),(15,'SUPERMAN',6.00),(16,'MULAN',8.00),(17,'DOLITTLE',5.00);
/*!40000 ALTER TABLE `MOVIE` ENABLE KEYS */;
UNLOCK TABLES;

--
-- Table structure for table `PAYMENT`
--

DROP TABLE IF EXISTS `PAYMENT`;
/*!40101 SET @saved_cs_client     = @@character_set_client */;
/*!50503 SET character_set_client = utf8mb4 */;
CREATE TABLE `PAYMENT` (
  `payment_id` int NOT NULL AUTO_INCREMENT,
  `ticket_id` int NOT NULL,
  `payment_date` date NOT NULL,
  `amount` decimal(18,2) NOT NULL,
  PRIMARY KEY (`payment_id`),
  KEY `ticket_id_idx` (`ticket_id`),
  CONSTRAINT `ticket_id` FOREIGN KEY (`ticket_id`) REFERENCES `TICKET` (`ticket_id`) ON DELETE CASCADE ON UPDATE CASCADE
) ENGINE=InnoDB AUTO_INCREMENT=310 DEFAULT CHARSET=utf8mb4 COLLATE=utf8mb4_0900_ai_ci;
/*!40101 SET character_set_client = @saved_cs_client */;

--
-- Dumping data for table `PAYMENT`
--

LOCK TABLES `PAYMENT` WRITE;
/*!40000 ALTER TABLE `PAYMENT` DISABLE KEYS */;
/*!40000 ALTER TABLE `PAYMENT` ENABLE KEYS */;
UNLOCK TABLES;

--
-- Table structure for table `RECEIPT`
--

DROP TABLE IF EXISTS `RECEIPT`;
/*!40101 SET @saved_cs_client     = @@character_set_client */;
/*!50503 SET character_set_client = utf8mb4 */;
CREATE TABLE `RECEIPT` (
  `receipt_id` int NOT NULL AUTO_INCREMENT,
  `payment_id` int NOT NULL,
  `voucher_require` varchar(1) NOT NULL DEFAULT 'Y',
  PRIMARY KEY (`receipt_id`),
  KEY `payment_id_idx` (`payment_id`),
  CONSTRAINT `payment_id` FOREIGN KEY (`payment_id`) REFERENCES `PAYMENT` (`payment_id`) ON DELETE CASCADE ON UPDATE CASCADE
) ENGINE=InnoDB AUTO_INCREMENT=287 DEFAULT CHARSET=utf8mb4 COLLATE=utf8mb4_0900_ai_ci;
/*!40101 SET character_set_client = @saved_cs_client */;

--
-- Dumping data for table `RECEIPT`
--

LOCK TABLES `RECEIPT` WRITE;
/*!40000 ALTER TABLE `RECEIPT` DISABLE KEYS */;
/*!40000 ALTER TABLE `RECEIPT` ENABLE KEYS */;
UNLOCK TABLES;

--
-- Table structure for table `REGISTERED`
--

DROP TABLE IF EXISTS `REGISTERED`;
/*!40101 SET @saved_cs_client     = @@character_set_client */;
/*!50503 SET character_set_client = utf8mb4 */;
CREATE TABLE `REGISTERED` (
  `user_email` varchar(45) NOT NULL,
  `reg_date` date NOT NULL,
  `exp_date` date NOT NULL,
  `password` varchar(45) NOT NULL,
  PRIMARY KEY (`user_email`),
  CONSTRAINT `user_email` FOREIGN KEY (`user_email`) REFERENCES `USER` (`user_email`) ON DELETE CASCADE ON UPDATE CASCADE
) ENGINE=InnoDB DEFAULT CHARSET=utf8mb4 COLLATE=utf8mb4_0900_ai_ci;
/*!40101 SET character_set_client = @saved_cs_client */;

--
-- Dumping data for table `REGISTERED`
--

LOCK TABLES `REGISTERED` WRITE;
/*!40000 ALTER TABLE `REGISTERED` DISABLE KEYS */;
INSERT INTO `REGISTERED` VALUES ('abc@gmail.com','2020-11-28','2021-11-28','abc'),('thien@gmail.com','2020-11-21','2021-11-21','123');
/*!40000 ALTER TABLE `REGISTERED` ENABLE KEYS */;
UNLOCK TABLES;

--
-- Table structure for table `RESERVATION`
--

DROP TABLE IF EXISTS `RESERVATION`;
/*!40101 SET @saved_cs_client     = @@character_set_client */;
/*!50503 SET character_set_client = utf8mb4 */;
CREATE TABLE `RESERVATION` (
  `res_id` int NOT NULL AUTO_INCREMENT,
  `showtime` int NOT NULL,
  `movie_id` int NOT NULL,
  `row_num` int NOT NULL,
  `row_letter` varchar(1) NOT NULL,
  `taken` varchar(1) DEFAULT 'N',
  PRIMARY KEY (`res_id`),
  KEY `movie_id_idx` (`movie_id`),
  CONSTRAINT `movie_id` FOREIGN KEY (`movie_id`) REFERENCES `MOVIE` (`movie_id`) ON DELETE CASCADE ON UPDATE CASCADE
) ENGINE=InnoDB AUTO_INCREMENT=11152 DEFAULT CHARSET=utf8mb4 COLLATE=utf8mb4_0900_ai_ci;
/*!40101 SET character_set_client = @saved_cs_client */;

--
-- Dumping data for table `RESERVATION`
--

LOCK TABLES `RESERVATION` WRITE;
/*!40000 ALTER TABLE `RESERVATION` DISABLE KEYS */;
INSERT INTO `RESERVATION` VALUES (10000,1,10,1,'A','N'),(10001,1,10,1,'B','N'),(10002,1,10,1,'C','N'),(10003,1,10,1,'D','N'),(10004,1,10,1,'E','N'),(10005,1,10,2,'A','N'),(10006,1,10,2,'B','N'),(10007,1,10,2,'C','N'),(10008,1,10,2,'D','N'),(10009,1,10,2,'E','N'),(10010,1,10,2,'F','N'),(10011,1,10,3,'A','N'),(10012,1,10,3,'B','N'),(10013,1,10,3,'C','N'),(10014,1,10,3,'D','N'),(10015,1,10,3,'E','N'),(10016,1,10,3,'F','N'),(10017,1,10,3,'G','N'),(10018,2,10,1,'A','N'),(10019,2,10,1,'B','N'),(10020,2,10,1,'C','N'),(10021,2,10,1,'D','N'),(10022,2,10,1,'E','N'),(10023,2,10,2,'A','N'),(10024,2,10,2,'B','N'),(10025,2,10,2,'C','N'),(10026,2,10,2,'D','N'),(10027,2,10,2,'E','N'),(10028,2,10,2,'F','N'),(10029,2,10,3,'A','N'),(10030,2,10,3,'B','N'),(10031,2,10,3,'C','N'),(10032,2,10,3,'D','N'),(10033,2,10,3,'E','N'),(10034,2,10,3,'F','N'),(10035,2,10,3,'G','N'),(10036,3,10,1,'A','N'),(10037,3,10,1,'B','N'),(10038,3,10,1,'C','N'),(10039,3,10,1,'D','N'),(10040,3,10,1,'E','N'),(10041,3,10,2,'A','N'),(10042,3,10,2,'B','N'),(10043,3,10,2,'C','N'),(10044,3,10,2,'D','N'),(10045,3,10,2,'E','N'),(10046,3,10,2,'F','N'),(10047,3,10,3,'A','N'),(10048,3,10,3,'B','N'),(10049,3,10,3,'C','N'),(10050,3,10,3,'D','N'),(10051,3,10,3,'E','N'),(10052,3,10,3,'F','N'),(10053,3,10,3,'G','N'),(10054,4,10,1,'A','N'),(10055,4,10,1,'B','N'),(10056,4,10,1,'C','N'),(10057,4,10,1,'D','N'),(10058,4,10,1,'E','N'),(10059,4,10,2,'A','N'),(10060,4,10,2,'B','N'),(10061,4,10,2,'C','N'),(10062,4,10,2,'D','N'),(10063,4,10,2,'E','N'),(10064,4,10,2,'F','N'),(10065,4,10,3,'A','N'),(10066,4,10,3,'B','N'),(10067,4,10,3,'C','N'),(10068,4,10,3,'D','N'),(10069,4,10,3,'E','N'),(10070,4,10,3,'F','N'),(10071,4,10,3,'G','N'),(10072,4,10,1,'A','N'),(10073,5,10,1,'B','N'),(10074,5,10,1,'C','N'),(10075,5,10,1,'D','N'),(10076,5,10,1,'E','N'),(10077,5,10,2,'A','N'),(10078,5,10,2,'B','N'),(10079,5,10,2,'C','N'),(10080,5,10,2,'D','N'),(10081,5,10,2,'E','N'),(10082,5,10,2,'F','N'),(10083,5,10,3,'A','N'),(10084,5,10,3,'B','N'),(10085,5,10,3,'C','N'),(10086,5,10,3,'D','N'),(10087,5,10,3,'E','N'),(10088,5,10,3,'F','N'),(10089,5,10,3,'G','N'),(10090,6,10,1,'A','N'),(10091,6,10,1,'B','N'),(10092,6,10,1,'C','N'),(10093,6,10,1,'D','N'),(10094,6,10,1,'E','N'),(10095,6,10,2,'A','N'),(10096,6,10,2,'B','N'),(10097,6,10,2,'C','N'),(10098,6,10,2,'D','N'),(10099,6,10,2,'E','N'),(10100,6,10,2,'F','N'),(10101,6,10,3,'A','N'),(10102,6,10,3,'B','N'),(10103,6,10,3,'C','N'),(10104,6,10,3,'D','N'),(10105,6,10,3,'E','N'),(10106,6,10,3,'F','N'),(10107,6,10,3,'G','N'),(10108,7,10,1,'A','N'),(10109,7,10,1,'B','N'),(10110,7,10,1,'C','N'),(10111,7,10,1,'D','N'),(10112,7,10,1,'E','N'),(10113,7,10,2,'A','N'),(10114,7,10,2,'B','N'),(10115,7,10,2,'C','N'),(10116,7,10,2,'D','N'),(10117,7,10,2,'E','N'),(10118,7,10,2,'F','N'),(10119,7,10,3,'A','N'),(10120,7,10,3,'B','N'),(10121,7,10,3,'C','N'),(10122,7,10,3,'D','N'),(10123,7,10,3,'E','N'),(10124,7,10,3,'F','N'),(10125,7,10,3,'G','N'),(10126,8,10,1,'A','N'),(10127,8,10,1,'B','N'),(10128,8,10,1,'C','N'),(10129,8,10,1,'D','N'),(10130,8,10,1,'E','N'),(10131,8,10,2,'A','N'),(10132,8,10,2,'B','N'),(10133,8,10,2,'C','N'),(10134,8,10,2,'D','N'),(10135,8,10,2,'E','N'),(10136,8,10,2,'F','N'),(10137,8,10,3,'A','N'),(10138,8,10,3,'B','N'),(10139,8,10,3,'C','N'),(10140,8,10,3,'D','N'),(10141,8,10,3,'E','N'),(10142,8,10,3,'F','N'),(10143,8,10,3,'G','N'),(10144,1,11,1,'A','N'),(10145,1,11,1,'B','N'),(10146,1,11,1,'C','N'),(10147,1,11,1,'D','N'),(10148,1,11,1,'E','N'),(10149,1,11,2,'A','N'),(10150,1,11,2,'B','N'),(10151,1,11,2,'C','N'),(10152,1,11,2,'D','N'),(10153,1,11,2,'E','N'),(10154,1,11,2,'F','N'),(10155,1,11,3,'A','N'),(10156,1,11,3,'B','N'),(10157,1,11,3,'C','N'),(10158,1,11,3,'D','N'),(10159,1,11,3,'E','N'),(10160,1,11,3,'F','N'),(10161,1,11,3,'G','N'),(10162,2,11,1,'A','N'),(10163,2,11,1,'B','N'),(10164,2,11,1,'C','N'),(10165,2,11,1,'D','Y'),(10166,2,11,1,'E','N'),(10167,2,11,2,'A','N'),(10168,2,11,2,'B','N'),(10169,2,11,2,'C','N'),(10170,2,11,2,'D','N'),(10171,2,11,2,'E','N'),(10172,2,11,2,'F','N'),(10173,2,11,3,'A','N'),(10174,2,11,3,'B','N'),(10175,2,11,3,'C','N'),(10176,2,11,3,'D','N'),(10177,2,11,3,'E','N'),(10178,2,11,3,'F','N'),(10179,2,11,3,'G','N'),(10180,3,11,1,'A','N'),(10181,3,11,1,'B','N'),(10182,3,11,1,'C','N'),(10183,3,11,1,'D','N'),(10184,3,11,1,'E','N'),(10185,3,11,2,'A','N'),(10186,3,11,2,'B','N'),(10187,3,11,2,'C','N'),(10188,3,11,2,'D','N'),(10189,3,11,2,'E','N'),(10190,3,11,2,'F','N'),(10191,3,11,3,'A','N'),(10192,3,11,3,'B','N'),(10193,3,11,3,'C','N'),(10194,3,11,3,'D','N'),(10195,3,11,3,'E','N'),(10196,3,11,3,'F','N'),(10197,3,11,3,'G','N'),(10198,4,11,1,'A','N'),(10199,4,11,1,'B','N'),(10200,4,11,1,'C','N'),(10201,4,11,1,'D','N'),(10202,4,11,1,'E','N'),(10203,4,11,2,'A','N'),(10204,4,11,2,'B','N'),(10205,4,11,2,'C','N'),(10206,4,11,2,'D','N'),(10207,4,11,2,'E','N'),(10208,4,11,2,'F','N'),(10209,4,11,3,'A','N'),(10210,4,11,3,'B','N'),(10211,4,11,3,'C','N'),(10212,4,11,3,'D','N'),(10213,4,11,3,'E','N'),(10214,4,11,3,'F','N'),(10215,4,11,3,'G','N'),(10216,4,11,1,'A','N'),(10217,5,11,1,'B','N'),(10218,5,11,1,'C','N'),(10219,5,11,1,'D','N'),(10220,5,11,1,'E','N'),(10221,5,11,2,'A','N'),(10222,5,11,2,'B','N'),(10223,5,11,2,'C','N'),(10224,5,11,2,'D','N'),(10225,5,11,2,'E','N'),(10226,5,11,2,'F','N'),(10227,5,11,3,'A','N'),(10228,5,11,3,'B','N'),(10229,5,11,3,'C','N'),(10230,5,11,3,'D','N'),(10231,5,11,3,'E','N'),(10232,5,11,3,'F','N'),(10233,5,11,3,'G','N'),(10234,6,11,1,'A','N'),(10235,6,11,1,'B','N'),(10236,6,11,1,'C','N'),(10237,6,11,1,'D','N'),(10238,6,11,1,'E','N'),(10239,6,11,2,'A','N'),(10240,6,11,2,'B','N'),(10241,6,11,2,'C','N'),(10242,6,11,2,'D','N'),(10243,6,11,2,'E','N'),(10244,6,11,2,'F','N'),(10245,6,11,3,'A','N'),(10246,6,11,3,'B','N'),(10247,6,11,3,'C','N'),(10248,6,11,3,'D','N'),(10249,6,11,3,'E','N'),(10250,6,11,3,'F','N'),(10251,6,11,3,'G','N'),(10252,7,11,1,'A','N'),(10253,7,11,1,'B','N'),(10254,7,11,1,'C','N'),(10255,7,11,1,'D','N'),(10256,7,11,1,'E','N'),(10257,7,11,2,'A','N'),(10258,7,11,2,'B','N'),(10259,7,11,2,'C','N'),(10260,7,11,2,'D','N'),(10261,7,11,2,'E','N'),(10262,7,11,2,'F','N'),(10263,7,11,3,'A','N'),(10264,7,11,3,'B','N'),(10265,7,11,3,'C','N'),(10266,7,11,3,'D','N'),(10267,7,11,3,'E','N'),(10268,7,11,3,'F','N'),(10269,7,11,3,'G','N'),(10270,8,11,1,'A','N'),(10271,8,11,1,'B','N'),(10272,8,11,1,'C','N'),(10273,8,11,1,'D','N'),(10274,8,11,1,'E','N'),(10275,8,11,2,'A','N'),(10276,8,11,2,'B','N'),(10277,8,11,2,'C','N'),(10278,8,11,2,'D','N'),(10279,8,11,2,'E','N'),(10280,8,11,2,'F','N'),(10281,8,11,3,'A','N'),(10282,8,11,3,'B','N'),(10283,8,11,3,'C','N'),(10284,8,11,3,'D','N'),(10285,8,11,3,'E','N'),(10286,8,11,3,'F','N'),(10287,8,11,3,'G','N'),(10288,1,12,1,'A','N'),(10289,1,12,1,'B','N'),(10290,1,12,1,'C','N'),(10291,1,12,1,'D','N'),(10292,1,12,1,'E','N'),(10293,1,12,2,'A','N'),(10294,1,12,2,'B','N'),(10295,1,12,2,'C','N'),(10296,1,12,2,'D','N'),(10297,1,12,2,'E','N'),(10298,1,12,2,'F','N'),(10299,1,12,3,'A','N'),(10300,1,12,3,'B','N'),(10301,1,12,3,'C','N'),(10302,1,12,3,'D','N'),(10303,1,12,3,'E','N'),(10304,1,12,3,'F','N'),(10305,1,12,3,'G','N'),(10306,2,12,1,'A','N'),(10307,2,12,1,'B','N'),(10308,2,12,1,'C','N'),(10309,2,12,1,'D','N'),(10310,2,12,1,'E','N'),(10311,2,12,2,'A','N'),(10312,2,12,2,'B','N'),(10313,2,12,2,'C','N'),(10314,2,12,2,'D','N'),(10315,2,12,2,'E','N'),(10316,2,12,2,'F','N'),(10317,2,12,3,'A','N'),(10318,2,12,3,'B','N'),(10319,2,12,3,'C','N'),(10320,2,12,3,'D','N'),(10321,2,12,3,'E','N'),(10322,2,12,3,'F','N'),(10323,2,12,3,'G','N'),(10324,3,12,1,'A','N'),(10325,3,12,1,'B','N'),(10326,3,12,1,'C','N'),(10327,3,12,1,'D','N'),(10328,3,12,1,'E','N'),(10329,3,12,2,'A','N'),(10330,3,12,2,'B','N'),(10331,3,12,2,'C','N'),(10332,3,12,2,'D','N'),(10333,3,12,2,'E','N'),(10334,3,12,2,'F','N'),(10335,3,12,3,'A','N'),(10336,3,12,3,'B','N'),(10337,3,12,3,'C','N'),(10338,3,12,3,'D','N'),(10339,3,12,3,'E','N'),(10340,3,12,3,'F','N'),(10341,3,12,3,'G','N'),(10342,4,12,1,'A','N'),(10343,4,12,1,'B','N'),(10344,4,12,1,'C','N'),(10345,4,12,1,'D','N'),(10346,4,12,1,'E','N'),(10347,4,12,2,'A','N'),(10348,4,12,2,'B','N'),(10349,4,12,2,'C','N'),(10350,4,12,2,'D','N'),(10351,4,12,2,'E','N'),(10352,4,12,2,'F','N'),(10353,4,12,3,'A','N'),(10354,4,12,3,'B','N'),(10355,4,12,3,'C','N'),(10356,4,12,3,'D','N'),(10357,4,12,3,'E','N'),(10358,4,12,3,'F','N'),(10359,4,12,3,'G','N'),(10360,4,12,1,'A','N'),(10361,5,12,1,'B','N'),(10362,5,12,1,'C','N'),(10363,5,12,1,'D','N'),(10364,5,12,1,'E','N'),(10365,5,12,2,'A','N'),(10366,5,12,2,'B','N'),(10367,5,12,2,'C','N'),(10368,5,12,2,'D','N'),(10369,5,12,2,'E','N'),(10370,5,12,2,'F','N'),(10371,5,12,3,'A','N'),(10372,5,12,3,'B','N'),(10373,5,12,3,'C','N'),(10374,5,12,3,'D','N'),(10375,5,12,3,'E','N'),(10376,5,12,3,'F','N'),(10377,5,12,3,'G','N'),(10378,6,12,1,'A','N'),(10379,6,12,1,'B','N'),(10380,6,12,1,'C','N'),(10381,6,12,1,'D','N'),(10382,6,12,1,'E','N'),(10383,6,12,2,'A','N'),(10384,6,12,2,'B','N'),(10385,6,12,2,'C','N'),(10386,6,12,2,'D','N'),(10387,6,12,2,'E','N'),(10388,6,12,2,'F','N'),(10389,6,12,3,'A','N'),(10390,6,12,3,'B','N'),(10391,6,12,3,'C','N'),(10392,6,12,3,'D','N'),(10393,6,12,3,'E','N'),(10394,6,12,3,'F','N'),(10395,6,12,3,'G','N'),(10396,7,12,1,'A','N'),(10397,7,12,1,'B','N'),(10398,7,12,1,'C','N'),(10399,7,12,1,'D','N'),(10400,7,12,1,'E','N'),(10401,7,12,2,'A','N'),(10402,7,12,2,'B','N'),(10403,7,12,2,'C','N'),(10404,7,12,2,'D','N'),(10405,7,12,2,'E','N'),(10406,7,12,2,'F','N'),(10407,7,12,3,'A','N'),(10408,7,12,3,'B','N'),(10409,7,12,3,'C','N'),(10410,7,12,3,'D','N'),(10411,7,12,3,'E','N'),(10412,7,12,3,'F','N'),(10413,7,12,3,'G','N'),(10414,8,12,1,'A','N'),(10415,8,12,1,'B','N'),(10416,8,12,1,'C','N'),(10417,8,12,1,'D','N'),(10418,8,12,1,'E','N'),(10419,8,12,2,'A','N'),(10420,8,12,2,'B','N'),(10421,8,12,2,'C','N'),(10422,8,12,2,'D','N'),(10423,8,12,2,'E','N'),(10424,8,12,2,'F','N'),(10425,8,12,3,'A','N'),(10426,8,12,3,'B','N'),(10427,8,12,3,'C','N'),(10428,8,12,3,'D','N'),(10429,8,12,3,'E','N'),(10430,8,12,3,'F','N'),(10431,8,12,3,'G','N'),(10432,1,13,1,'A','N'),(10433,1,13,1,'B','N'),(10434,1,13,1,'C','N'),(10435,1,13,1,'D','N'),(10436,1,13,1,'E','N'),(10437,1,13,2,'A','N'),(10438,1,13,2,'B','N'),(10439,1,13,2,'C','N'),(10440,1,13,2,'D','N'),(10441,1,13,2,'E','N'),(10442,1,13,2,'F','N'),(10443,1,13,3,'A','N'),(10444,1,13,3,'B','N'),(10445,1,13,3,'C','N'),(10446,1,13,3,'D','N'),(10447,1,13,3,'E','N'),(10448,1,13,3,'F','N'),(10449,1,13,3,'G','N'),(10450,2,13,1,'A','N'),(10451,2,13,1,'B','N'),(10452,2,13,1,'C','N'),(10453,2,13,1,'D','N'),(10454,2,13,1,'E','N'),(10455,2,13,2,'A','N'),(10456,2,13,2,'B','N'),(10457,2,13,2,'C','N'),(10458,2,13,2,'D','N'),(10459,2,13,2,'E','N'),(10460,2,13,2,'F','N'),(10461,2,13,3,'A','N'),(10462,2,13,3,'B','N'),(10463,2,13,3,'C','N'),(10464,2,13,3,'D','N'),(10465,2,13,3,'E','N'),(10466,2,13,3,'F','N'),(10467,2,13,3,'G','N'),(10468,3,13,1,'A','N'),(10469,3,13,1,'B','N'),(10470,3,13,1,'C','N'),(10471,3,13,1,'D','N'),(10472,3,13,1,'E','N'),(10473,3,13,2,'A','N'),(10474,3,13,2,'B','N'),(10475,3,13,2,'C','N'),(10476,3,13,2,'D','N'),(10477,3,13,2,'E','N'),(10478,3,13,2,'F','N'),(10479,3,13,3,'A','N'),(10480,3,13,3,'B','N'),(10481,3,13,3,'C','N'),(10482,3,13,3,'D','N'),(10483,3,13,3,'E','N'),(10484,3,13,3,'F','N'),(10485,3,13,3,'G','N'),(10486,4,13,1,'A','N'),(10487,4,13,1,'B','N'),(10488,4,13,1,'C','N'),(10489,4,13,1,'D','N'),(10490,4,13,1,'E','N'),(10491,4,13,2,'A','N'),(10492,4,13,2,'B','N'),(10493,4,13,2,'C','N'),(10494,4,13,2,'D','N'),(10495,4,13,2,'E','N'),(10496,4,13,2,'F','N'),(10497,4,13,3,'A','N'),(10498,4,13,3,'B','N'),(10499,4,13,3,'C','N'),(10500,4,13,3,'D','N'),(10501,4,13,3,'E','N'),(10502,4,13,3,'F','N'),(10503,4,13,3,'G','N'),(10504,4,13,1,'A','N'),(10505,5,13,1,'B','N'),(10506,5,13,1,'C','N'),(10507,5,13,1,'D','N'),(10508,5,13,1,'E','N'),(10509,5,13,2,'A','N'),(10510,5,13,2,'B','N'),(10511,5,13,2,'C','N'),(10512,5,13,2,'D','N'),(10513,5,13,2,'E','N'),(10514,5,13,2,'F','N'),(10515,5,13,3,'A','N'),(10516,5,13,3,'B','N'),(10517,5,13,3,'C','N'),(10518,5,13,3,'D','N'),(10519,5,13,3,'E','N'),(10520,5,13,3,'F','N'),(10521,5,13,3,'G','N'),(10522,6,13,1,'A','N'),(10523,6,13,1,'B','N'),(10524,6,13,1,'C','N'),(10525,6,13,1,'D','N'),(10526,6,13,1,'E','N'),(10527,6,13,2,'A','N'),(10528,6,13,2,'B','N'),(10529,6,13,2,'C','N'),(10530,6,13,2,'D','N'),(10531,6,13,2,'E','N'),(10532,6,13,2,'F','N'),(10533,6,13,3,'A','N'),(10534,6,13,3,'B','N'),(10535,6,13,3,'C','N'),(10536,6,13,3,'D','N'),(10537,6,13,3,'E','N'),(10538,6,13,3,'F','N'),(10539,6,13,3,'G','N'),(10540,7,13,1,'A','N'),(10541,7,13,1,'B','N'),(10542,7,13,1,'C','N'),(10543,7,13,1,'D','N'),(10544,7,13,1,'E','N'),(10545,7,13,2,'A','N'),(10546,7,13,2,'B','N'),(10547,7,13,2,'C','N'),(10548,7,13,2,'D','N'),(10549,7,13,2,'E','N'),(10550,7,13,2,'F','N'),(10551,7,13,3,'A','N'),(10552,7,13,3,'B','N'),(10553,7,13,3,'C','N'),(10554,7,13,3,'D','N'),(10555,7,13,3,'E','N'),(10556,7,13,3,'F','N'),(10557,7,13,3,'G','N'),(10558,8,13,1,'A','N'),(10559,8,13,1,'B','N'),(10560,8,13,1,'C','N'),(10561,8,13,1,'D','N'),(10562,8,13,1,'E','N'),(10563,8,13,2,'A','N'),(10564,8,13,2,'B','N'),(10565,8,13,2,'C','N'),(10566,8,13,2,'D','N'),(10567,8,13,2,'E','N'),(10568,8,13,2,'F','N'),(10569,8,13,3,'A','N'),(10570,8,13,3,'B','N'),(10571,8,13,3,'C','N'),(10572,8,13,3,'D','N'),(10573,8,13,3,'E','N'),(10574,8,13,3,'F','N'),(10575,8,13,3,'G','N'),(10576,1,14,1,'A','N'),(10577,1,14,1,'B','N'),(10578,1,14,1,'C','N'),(10579,1,14,1,'D','N'),(10580,1,14,1,'E','N'),(10581,1,14,2,'A','N'),(10582,1,14,2,'B','N'),(10583,1,14,2,'C','N'),(10584,1,14,2,'D','N'),(10585,1,14,2,'E','N'),(10586,1,14,2,'F','N'),(10587,1,14,3,'A','N'),(10588,1,14,3,'B','N'),(10589,1,14,3,'C','N'),(10590,1,14,3,'D','N'),(10591,1,14,3,'E','N'),(10592,1,14,3,'F','N'),(10593,1,14,3,'G','N'),(10594,2,14,1,'A','N'),(10595,2,14,1,'B','N'),(10596,2,14,1,'C','N'),(10597,2,14,1,'D','N'),(10598,2,14,1,'E','N'),(10599,2,14,2,'A','N'),(10600,2,14,2,'B','N'),(10601,2,14,2,'C','N'),(10602,2,14,2,'D','N'),(10603,2,14,2,'E','N'),(10604,2,14,2,'F','N'),(10605,2,14,3,'A','N'),(10606,2,14,3,'B','N'),(10607,2,14,3,'C','N'),(10608,2,14,3,'D','N'),(10609,2,14,3,'E','N'),(10610,2,14,3,'F','N'),(10611,2,14,3,'G','N'),(10612,3,14,1,'A','N'),(10613,3,14,1,'B','N'),(10614,3,14,1,'C','N'),(10615,3,14,1,'D','N'),(10616,3,14,1,'E','N'),(10617,3,14,2,'A','N'),(10618,3,14,2,'B','N'),(10619,3,14,2,'C','N'),(10620,3,14,2,'D','N'),(10621,3,14,2,'E','N'),(10622,3,14,2,'F','N'),(10623,3,14,3,'A','N'),(10624,3,14,3,'B','N'),(10625,3,14,3,'C','N'),(10626,3,14,3,'D','N'),(10627,3,14,3,'E','N'),(10628,3,14,3,'F','N'),(10629,3,14,3,'G','N'),(10630,4,14,1,'A','N'),(10631,4,14,1,'B','N'),(10632,4,14,1,'C','N'),(10633,4,14,1,'D','N'),(10634,4,14,1,'E','N'),(10635,4,14,2,'A','N'),(10636,4,14,2,'B','N'),(10637,4,14,2,'C','N'),(10638,4,14,2,'D','N'),(10639,4,14,2,'E','N'),(10640,4,14,2,'F','N'),(10641,4,14,3,'A','N'),(10642,4,14,3,'B','N'),(10643,4,14,3,'C','N'),(10644,4,14,3,'D','N'),(10645,4,14,3,'E','N'),(10646,4,14,3,'F','N'),(10647,4,14,3,'G','N'),(10648,4,14,1,'A','N'),(10649,5,14,1,'B','N'),(10650,5,14,1,'C','N'),(10651,5,14,1,'D','N'),(10652,5,14,1,'E','N'),(10653,5,14,2,'A','N'),(10654,5,14,2,'B','N'),(10655,5,14,2,'C','N'),(10656,5,14,2,'D','N'),(10657,5,14,2,'E','N'),(10658,5,14,2,'F','N'),(10659,5,14,3,'A','N'),(10660,5,14,3,'B','N'),(10661,5,14,3,'C','N'),(10662,5,14,3,'D','N'),(10663,5,14,3,'E','N'),(10664,5,14,3,'F','N'),(10665,5,14,3,'G','N'),(10666,6,14,1,'A','N'),(10667,6,14,1,'B','N'),(10668,6,14,1,'C','N'),(10669,6,14,1,'D','N'),(10670,6,14,1,'E','N'),(10671,6,14,2,'A','N'),(10672,6,14,2,'B','N'),(10673,6,14,2,'C','N'),(10674,6,14,2,'D','N'),(10675,6,14,2,'E','N'),(10676,6,14,2,'F','N'),(10677,6,14,3,'A','N'),(10678,6,14,3,'B','N'),(10679,6,14,3,'C','N'),(10680,6,14,3,'D','N'),(10681,6,14,3,'E','N'),(10682,6,14,3,'F','N'),(10683,6,14,3,'G','N'),(10684,7,14,1,'A','N'),(10685,7,14,1,'B','N'),(10686,7,14,1,'C','N'),(10687,7,14,1,'D','N'),(10688,7,14,1,'E','N'),(10689,7,14,2,'A','N'),(10690,7,14,2,'B','N'),(10691,7,14,2,'C','N'),(10692,7,14,2,'D','N'),(10693,7,14,2,'E','N'),(10694,7,14,2,'F','N'),(10695,7,14,3,'A','N'),(10696,7,14,3,'B','N'),(10697,7,14,3,'C','N'),(10698,7,14,3,'D','N'),(10699,7,14,3,'E','N'),(10700,7,14,3,'F','N'),(10701,7,14,3,'G','N'),(10702,8,14,1,'A','N'),(10703,8,14,1,'B','N'),(10704,8,14,1,'C','N'),(10705,8,14,1,'D','N'),(10706,8,14,1,'E','N'),(10707,8,14,2,'A','N'),(10708,8,14,2,'B','N'),(10709,8,14,2,'C','N'),(10710,8,14,2,'D','N'),(10711,8,14,2,'E','N'),(10712,8,14,2,'F','N'),(10713,8,14,3,'A','N'),(10714,8,14,3,'B','N'),(10715,8,14,3,'C','N'),(10716,8,14,3,'D','N'),(10717,8,14,3,'E','N'),(10718,8,14,3,'F','N'),(10719,8,14,3,'G','N'),(10720,1,15,1,'A','N'),(10721,1,15,1,'B','N'),(10722,1,15,1,'C','N'),(10723,1,15,1,'D','N'),(10724,1,15,1,'E','N'),(10725,1,15,2,'A','N'),(10726,1,15,2,'B','N'),(10727,1,15,2,'C','N'),(10728,1,15,2,'D','N'),(10729,1,15,2,'E','N'),(10730,1,15,2,'F','N'),(10731,1,15,3,'A','N'),(10732,1,15,3,'B','N'),(10733,1,15,3,'C','N'),(10734,1,15,3,'D','N'),(10735,1,15,3,'E','N'),(10736,1,15,3,'F','N'),(10737,1,15,3,'G','N'),(10738,2,15,1,'A','N'),(10739,2,15,1,'B','N'),(10740,2,15,1,'C','N'),(10741,2,15,1,'D','N'),(10742,2,15,1,'E','N'),(10743,2,15,2,'A','N'),(10744,2,15,2,'B','N'),(10745,2,15,2,'C','N'),(10746,2,15,2,'D','N'),(10747,2,15,2,'E','N'),(10748,2,15,2,'F','N'),(10749,2,15,3,'A','N'),(10750,2,15,3,'B','N'),(10751,2,15,3,'C','N'),(10752,2,15,3,'D','N'),(10753,2,15,3,'E','N'),(10754,2,15,3,'F','N'),(10755,2,15,3,'G','N'),(10756,3,15,1,'A','N'),(10757,3,15,1,'B','N'),(10758,3,15,1,'C','N'),(10759,3,15,1,'D','N'),(10760,3,15,1,'E','N'),(10761,3,15,2,'A','N'),(10762,3,15,2,'B','N'),(10763,3,15,2,'C','N'),(10764,3,15,2,'D','N'),(10765,3,15,2,'E','N'),(10766,3,15,2,'F','N'),(10767,3,15,3,'A','N'),(10768,3,15,3,'B','N'),(10769,3,15,3,'C','N'),(10770,3,15,3,'D','N'),(10771,3,15,3,'E','N'),(10772,3,15,3,'F','N'),(10773,3,15,3,'G','N'),(10774,4,15,1,'A','N'),(10775,4,15,1,'B','N'),(10776,4,15,1,'C','N'),(10777,4,15,1,'D','N'),(10778,4,15,1,'E','N'),(10779,4,15,2,'A','N'),(10780,4,15,2,'B','N'),(10781,4,15,2,'C','N'),(10782,4,15,2,'D','N'),(10783,4,15,2,'E','N'),(10784,4,15,2,'F','N'),(10785,4,15,3,'A','N'),(10786,4,15,3,'B','N'),(10787,4,15,3,'C','N'),(10788,4,15,3,'D','N'),(10789,4,15,3,'E','N'),(10790,4,15,3,'F','N'),(10791,4,15,3,'G','N'),(10792,4,15,1,'A','N'),(10793,5,15,1,'B','N'),(10794,5,15,1,'C','N'),(10795,5,15,1,'D','N'),(10796,5,15,1,'E','N'),(10797,5,15,2,'A','N'),(10798,5,15,2,'B','N'),(10799,5,15,2,'C','N'),(10800,5,15,2,'D','N'),(10801,5,15,2,'E','N'),(10802,5,15,2,'F','N'),(10803,5,15,3,'A','N'),(10804,5,15,3,'B','N'),(10805,5,15,3,'C','N'),(10806,5,15,3,'D','N'),(10807,5,15,3,'E','N'),(10808,5,15,3,'F','N'),(10809,5,15,3,'G','N'),(10810,6,15,1,'A','N'),(10811,6,15,1,'B','N'),(10812,6,15,1,'C','N'),(10813,6,15,1,'D','N'),(10814,6,15,1,'E','N'),(10815,6,15,2,'A','N'),(10816,6,15,2,'B','N'),(10817,6,15,2,'C','N'),(10818,6,15,2,'D','N'),(10819,6,15,2,'E','N'),(10820,6,15,2,'F','N'),(10821,6,15,3,'A','N'),(10822,6,15,3,'B','N'),(10823,6,15,3,'C','N'),(10824,6,15,3,'D','N'),(10825,6,15,3,'E','N'),(10826,6,15,3,'F','N'),(10827,6,15,3,'G','N'),(10828,7,15,1,'A','N'),(10829,7,15,1,'B','N'),(10830,7,15,1,'C','N'),(10831,7,15,1,'D','N'),(10832,7,15,1,'E','N'),(10833,7,15,2,'A','N'),(10834,7,15,2,'B','N'),(10835,7,15,2,'C','N'),(10836,7,15,2,'D','N'),(10837,7,15,2,'E','N'),(10838,7,15,2,'F','N'),(10839,7,15,3,'A','N'),(10840,7,15,3,'B','N'),(10841,7,15,3,'C','N'),(10842,7,15,3,'D','N'),(10843,7,15,3,'E','N'),(10844,7,15,3,'F','N'),(10845,7,15,3,'G','N'),(10846,8,15,1,'A','N'),(10847,8,15,1,'B','N'),(10848,8,15,1,'C','N'),(10849,8,15,1,'D','N'),(10850,8,15,1,'E','N'),(10851,8,15,2,'A','N'),(10852,8,15,2,'B','N'),(10853,8,15,2,'C','N'),(10854,8,15,2,'D','N'),(10855,8,15,2,'E','N'),(10856,8,15,2,'F','N'),(10857,8,15,3,'A','N'),(10858,8,15,3,'B','N'),(10859,8,15,3,'C','N'),(10860,8,15,3,'D','N'),(10861,8,15,3,'E','N'),(10862,8,15,3,'F','N'),(10863,8,15,3,'G','N'),(10864,1,16,1,'A','N'),(10865,1,16,1,'B','N'),(10866,1,16,1,'C','N'),(10867,1,16,1,'D','N'),(10868,1,16,1,'E','N'),(10869,1,16,2,'A','N'),(10870,1,16,2,'B','N'),(10871,1,16,2,'C','N'),(10872,1,16,2,'D','N'),(10873,1,16,2,'E','N'),(10874,1,16,2,'F','N'),(10875,1,16,3,'A','N'),(10876,1,16,3,'B','N'),(10877,1,16,3,'C','N'),(10878,1,16,3,'D','N'),(10879,1,16,3,'E','N'),(10880,1,16,3,'F','N'),(10881,1,16,3,'G','N'),(10882,2,16,1,'A','N'),(10883,2,16,1,'B','N'),(10884,2,16,1,'C','N'),(10885,2,16,1,'D','N'),(10886,2,16,1,'E','N'),(10887,2,16,2,'A','N'),(10888,2,16,2,'B','N'),(10889,2,16,2,'C','N'),(10890,2,16,2,'D','N'),(10891,2,16,2,'E','N'),(10892,2,16,2,'F','N'),(10893,2,16,3,'A','N'),(10894,2,16,3,'B','N'),(10895,2,16,3,'C','N'),(10896,2,16,3,'D','N'),(10897,2,16,3,'E','N'),(10898,2,16,3,'F','N'),(10899,2,16,3,'G','N'),(10900,3,16,1,'A','N'),(10901,3,16,1,'B','N'),(10902,3,16,1,'C','N'),(10903,3,16,1,'D','N'),(10904,3,16,1,'E','N'),(10905,3,16,2,'A','N'),(10906,3,16,2,'B','N'),(10907,3,16,2,'C','N'),(10908,3,16,2,'D','N'),(10909,3,16,2,'E','N'),(10910,3,16,2,'F','N'),(10911,3,16,3,'A','N'),(10912,3,16,3,'B','N'),(10913,3,16,3,'C','N'),(10914,3,16,3,'D','N'),(10915,3,16,3,'E','N'),(10916,3,16,3,'F','N'),(10917,3,16,3,'G','N'),(10918,4,16,1,'A','N'),(10919,4,16,1,'B','N'),(10920,4,16,1,'C','N'),(10921,4,16,1,'D','N'),(10922,4,16,1,'E','N'),(10923,4,16,2,'A','N'),(10924,4,16,2,'B','N'),(10925,4,16,2,'C','N'),(10926,4,16,2,'D','N'),(10927,4,16,2,'E','N'),(10928,4,16,2,'F','N'),(10929,4,16,3,'A','N'),(10930,4,16,3,'B','N'),(10931,4,16,3,'C','N'),(10932,4,16,3,'D','N'),(10933,4,16,3,'E','N'),(10934,4,16,3,'F','N'),(10935,4,16,3,'G','N'),(10936,4,16,1,'A','N'),(10937,5,16,1,'B','N'),(10938,5,16,1,'C','N'),(10939,5,16,1,'D','N'),(10940,5,16,1,'E','N'),(10941,5,16,2,'A','N'),(10942,5,16,2,'B','N'),(10943,5,16,2,'C','N'),(10944,5,16,2,'D','N'),(10945,5,16,2,'E','N'),(10946,5,16,2,'F','N'),(10947,5,16,3,'A','N'),(10948,5,16,3,'B','N'),(10949,5,16,3,'C','N'),(10950,5,16,3,'D','N'),(10951,5,16,3,'E','N'),(10952,5,16,3,'F','N'),(10953,5,16,3,'G','N'),(10954,6,16,1,'A','N'),(10955,6,16,1,'B','N'),(10956,6,16,1,'C','N'),(10957,6,16,1,'D','N'),(10958,6,16,1,'E','N'),(10959,6,16,2,'A','N'),(10960,6,16,2,'B','N'),(10961,6,16,2,'C','N'),(10962,6,16,2,'D','N'),(10963,6,16,2,'E','N'),(10964,6,16,2,'F','N'),(10965,6,16,3,'A','N'),(10966,6,16,3,'B','N'),(10967,6,16,3,'C','N'),(10968,6,16,3,'D','N'),(10969,6,16,3,'E','N'),(10970,6,16,3,'F','N'),(10971,6,16,3,'G','N'),(10972,7,16,1,'A','N'),(10973,7,16,1,'B','N'),(10974,7,16,1,'C','N'),(10975,7,16,1,'D','N'),(10976,7,16,1,'E','N'),(10977,7,16,2,'A','N'),(10978,7,16,2,'B','N'),(10979,7,16,2,'C','N'),(10980,7,16,2,'D','N'),(10981,7,16,2,'E','N'),(10982,7,16,2,'F','N'),(10983,7,16,3,'A','N'),(10984,7,16,3,'B','N'),(10985,7,16,3,'C','N'),(10986,7,16,3,'D','N'),(10987,7,16,3,'E','N'),(10988,7,16,3,'F','N'),(10989,7,16,3,'G','N'),(10990,8,16,1,'A','N'),(10991,8,16,1,'B','N'),(10992,8,16,1,'C','N'),(10993,8,16,1,'D','N'),(10994,8,16,1,'E','N'),(10995,8,16,2,'A','N'),(10996,8,16,2,'B','N'),(10997,8,16,2,'C','N'),(10998,8,16,2,'D','N'),(10999,8,16,2,'E','N'),(11000,8,16,2,'F','N'),(11001,8,16,3,'A','N'),(11002,8,16,3,'B','N'),(11003,8,16,3,'C','N'),(11004,8,16,3,'D','N'),(11005,8,16,3,'E','N'),(11006,8,16,3,'F','N'),(11007,8,16,3,'G','N'),(11008,1,17,1,'A','N'),(11009,1,17,1,'B','N'),(11010,1,17,1,'C','N'),(11011,1,17,1,'D','N'),(11012,1,17,1,'E','N'),(11013,1,17,2,'A','N'),(11014,1,17,2,'B','N'),(11015,1,17,2,'C','N'),(11016,1,17,2,'D','N'),(11017,1,17,2,'E','N'),(11018,1,17,2,'F','N'),(11019,1,17,3,'A','N'),(11020,1,17,3,'B','N'),(11021,1,17,3,'C','N'),(11022,1,17,3,'D','N'),(11023,1,17,3,'E','N'),(11024,1,17,3,'F','N'),(11025,1,17,3,'G','N'),(11026,2,17,1,'A','N'),(11027,2,17,1,'B','N'),(11028,2,17,1,'C','N'),(11029,2,17,1,'D','N'),(11030,2,17,1,'E','N'),(11031,2,17,2,'A','N'),(11032,2,17,2,'B','N'),(11033,2,17,2,'C','N'),(11034,2,17,2,'D','N'),(11035,2,17,2,'E','N'),(11036,2,17,2,'F','N'),(11037,2,17,3,'A','N'),(11038,2,17,3,'B','N'),(11039,2,17,3,'C','N'),(11040,2,17,3,'D','N'),(11041,2,17,3,'E','N'),(11042,2,17,3,'F','N'),(11043,2,17,3,'G','N'),(11044,3,17,1,'A','N'),(11045,3,17,1,'B','N'),(11046,3,17,1,'C','N'),(11047,3,17,1,'D','N'),(11048,3,17,1,'E','N'),(11049,3,17,2,'A','N'),(11050,3,17,2,'B','N'),(11051,3,17,2,'C','N'),(11052,3,17,2,'D','N'),(11053,3,17,2,'E','N'),(11054,3,17,2,'F','N'),(11055,3,17,3,'A','N'),(11056,3,17,3,'B','N'),(11057,3,17,3,'C','N'),(11058,3,17,3,'D','N'),(11059,3,17,3,'E','N'),(11060,3,17,3,'F','N'),(11061,3,17,3,'G','N'),(11062,4,17,1,'A','N'),(11063,4,17,1,'B','N'),(11064,4,17,1,'C','N'),(11065,4,17,1,'D','N'),(11066,4,17,1,'E','N'),(11067,4,17,2,'A','N'),(11068,4,17,2,'B','N'),(11069,4,17,2,'C','N'),(11070,4,17,2,'D','N'),(11071,4,17,2,'E','N'),(11072,4,17,2,'F','N'),(11073,4,17,3,'A','N'),(11074,4,17,3,'B','N'),(11075,4,17,3,'C','N'),(11076,4,17,3,'D','N'),(11077,4,17,3,'E','N'),(11078,4,17,3,'F','N'),(11079,4,17,3,'G','N'),(11080,4,17,1,'A','N'),(11081,5,17,1,'B','N'),(11082,5,17,1,'C','N'),(11083,5,17,1,'D','N'),(11084,5,17,1,'E','N'),(11085,5,17,2,'A','N'),(11086,5,17,2,'B','N'),(11087,5,17,2,'C','N'),(11088,5,17,2,'D','N'),(11089,5,17,2,'E','N'),(11090,5,17,2,'F','N'),(11091,5,17,3,'A','N'),(11092,5,17,3,'B','N'),(11093,5,17,3,'C','N'),(11094,5,17,3,'D','N'),(11095,5,17,3,'E','N'),(11096,5,17,3,'F','N'),(11097,5,17,3,'G','N'),(11098,6,17,1,'A','N'),(11099,6,17,1,'B','N'),(11100,6,17,1,'C','N'),(11101,6,17,1,'D','N'),(11102,6,17,1,'E','N'),(11103,6,17,2,'A','N'),(11104,6,17,2,'B','N'),(11105,6,17,2,'C','N'),(11106,6,17,2,'D','N'),(11107,6,17,2,'E','N'),(11108,6,17,2,'F','N'),(11109,6,17,3,'A','N'),(11110,6,17,3,'B','N'),(11111,6,17,3,'C','N'),(11112,6,17,3,'D','N'),(11113,6,17,3,'E','N'),(11114,6,17,3,'F','N'),(11115,6,17,3,'G','N'),(11116,7,17,1,'A','N'),(11117,7,17,1,'B','N'),(11118,7,17,1,'C','N'),(11119,7,17,1,'D','N'),(11120,7,17,1,'E','N'),(11121,7,17,2,'A','N'),(11122,7,17,2,'B','N'),(11123,7,17,2,'C','N'),(11124,7,17,2,'D','N'),(11125,7,17,2,'E','N'),(11126,7,17,2,'F','N'),(11127,7,17,3,'A','N'),(11128,7,17,3,'B','N'),(11129,7,17,3,'C','N'),(11130,7,17,3,'D','N'),(11131,7,17,3,'E','N'),(11132,7,17,3,'F','N'),(11133,7,17,3,'G','N'),(11134,8,17,1,'A','N'),(11135,8,17,1,'B','N'),(11136,8,17,1,'C','N'),(11137,8,17,1,'D','N'),(11138,8,17,1,'E','N'),(11139,8,17,2,'A','N'),(11140,8,17,2,'B','N'),(11141,8,17,2,'C','N'),(11142,8,17,2,'D','N'),(11143,8,17,2,'E','N'),(11144,8,17,2,'F','N'),(11145,8,17,3,'A','N'),(11146,8,17,3,'B','N'),(11147,8,17,3,'C','N'),(11148,8,17,3,'D','N'),(11149,8,17,3,'E','N'),(11150,8,17,3,'F','N'),(11151,8,17,3,'G','N');
/*!40000 ALTER TABLE `RESERVATION` ENABLE KEYS */;
UNLOCK TABLES;

--
-- Table structure for table `TICKET`
--

DROP TABLE IF EXISTS `TICKET`;
/*!40101 SET @saved_cs_client     = @@character_set_client */;
/*!50503 SET character_set_client = utf8mb4 */;
CREATE TABLE `TICKET` (
  `ticket_id` int NOT NULL AUTO_INCREMENT,
  `user_id` varchar(45) NOT NULL,
  `res_id` int NOT NULL,
  PRIMARY KEY (`ticket_id`),
  KEY `res_id_idx` (`res_id`),
  KEY `user_id_idx` (`user_id`),
  CONSTRAINT `res_id` FOREIGN KEY (`res_id`) REFERENCES `RESERVATION` (`res_id`) ON DELETE CASCADE ON UPDATE CASCADE,
  CONSTRAINT `user_id` FOREIGN KEY (`user_id`) REFERENCES `USER` (`user_email`) ON DELETE CASCADE ON UPDATE CASCADE
) ENGINE=InnoDB AUTO_INCREMENT=160 DEFAULT CHARSET=utf8mb4 COLLATE=utf8mb4_0900_ai_ci;
/*!40101 SET character_set_client = @saved_cs_client */;

--
-- Dumping data for table `TICKET`
--

LOCK TABLES `TICKET` WRITE;
/*!40000 ALTER TABLE `TICKET` DISABLE KEYS */;
/*!40000 ALTER TABLE `TICKET` ENABLE KEYS */;
UNLOCK TABLES;

--
-- Table structure for table `USER`
--

DROP TABLE IF EXISTS `USER`;
/*!40101 SET @saved_cs_client     = @@character_set_client */;
/*!50503 SET character_set_client = utf8mb4 */;
CREATE TABLE `USER` (
  `user_email` varchar(45) NOT NULL,
  `name` varchar(45) DEFAULT 'Casual Member',
  `bank_info` varchar(45) DEFAULT 'No bank info',
  `user_type` varchar(1) DEFAULT 'O',
  PRIMARY KEY (`user_email`)
) ENGINE=InnoDB DEFAULT CHARSET=utf8mb4 COLLATE=utf8mb4_0900_ai_ci;
/*!40101 SET character_set_client = @saved_cs_client */;

--
-- Dumping data for table `USER`
--

LOCK TABLES `USER` WRITE;
/*!40000 ALTER TABLE `USER` DISABLE KEYS */;
INSERT INTO `USER` VALUES ('12332','Casual Member','thien','O'),('123321','Casual Member','BANK INFO','O'),('abc@gmail.com','abc','def','R'),('bnghngh','Casual Member','fgbfggfg','O'),('htyhtyh','Casual Member','TRRTHTyh','O'),('thien@gmail.com','thien','youwish','R');
/*!40000 ALTER TABLE `USER` ENABLE KEYS */;
UNLOCK TABLES;

--
-- Table structure for table `VOUCHER`
--

DROP TABLE IF EXISTS `VOUCHER`;
/*!40101 SET @saved_cs_client     = @@character_set_client */;
/*!50503 SET character_set_client = utf8mb4 */;
CREATE TABLE `VOUCHER` (
  `voucher_id` int NOT NULL AUTO_INCREMENT,
  `exp_date` date NOT NULL,
  PRIMARY KEY (`voucher_id`)
) ENGINE=InnoDB AUTO_INCREMENT=8002 DEFAULT CHARSET=utf8mb4 COLLATE=utf8mb4_0900_ai_ci;
/*!40101 SET character_set_client = @saved_cs_client */;

--
-- Dumping data for table `VOUCHER`
--

LOCK TABLES `VOUCHER` WRITE;
/*!40000 ALTER TABLE `VOUCHER` DISABLE KEYS */;
INSERT INTO `VOUCHER` VALUES (8000,'2020-12-01');
/*!40000 ALTER TABLE `VOUCHER` ENABLE KEYS */;
UNLOCK TABLES;

--
-- Dumping routines for database 'MovieApp'
--
/*!50003 DROP PROCEDURE IF EXISTS `cancel_ticket` */;
/*!50003 SET @saved_cs_client      = @@character_set_client */ ;
/*!50003 SET @saved_cs_results     = @@character_set_results */ ;
/*!50003 SET @saved_col_connection = @@collation_connection */ ;
/*!50003 SET character_set_client  = utf8mb4 */ ;
/*!50003 SET character_set_results = utf8mb4 */ ;
/*!50003 SET collation_connection  = utf8mb4_0900_ai_ci */ ;
/*!50003 SET @saved_sql_mode       = @@sql_mode */ ;
/*!50003 SET sql_mode              = 'ONLY_FULL_GROUP_BY,STRICT_TRANS_TABLES,NO_ZERO_IN_DATE,NO_ZERO_DATE,ERROR_FOR_DIVISION_BY_ZERO,NO_ENGINE_SUBSTITUTION' */ ;
DELIMITER ;;
CREATE DEFINER=`root`@`localhost` PROCEDURE `cancel_ticket`(IN id int)
BEGIN
UPDATE RESERVATION AS R, TICKET AS T
	SET R.taken = "N"
    WHERE R.res_id = T.res_id AND T.ticket_id = (SELECT P.ticket_id FROM PAYMENT AS P
	WHERE P.payment_id = (SELECT R.payment_id FROM RECEIPT AS R WHERE R.receipt_id = id));
DELETE FROM TICKET AS T WHERE T.ticket_id = (SELECT P.ticket_id FROM PAYMENT AS P
	WHERE P.payment_id = (SELECT R.payment_id FROM RECEIPT AS R WHERE R.receipt_id = id));
END ;;
DELIMITER ;
/*!50003 SET sql_mode              = @saved_sql_mode */ ;
/*!50003 SET character_set_client  = @saved_cs_client */ ;
/*!50003 SET character_set_results = @saved_cs_results */ ;
/*!50003 SET collation_connection  = @saved_col_connection */ ;
/*!50003 DROP PROCEDURE IF EXISTS `check_cred` */;
/*!50003 SET @saved_cs_client      = @@character_set_client */ ;
/*!50003 SET @saved_cs_results     = @@character_set_results */ ;
/*!50003 SET @saved_col_connection = @@collation_connection */ ;
/*!50003 SET character_set_client  = utf8mb4 */ ;
/*!50003 SET character_set_results = utf8mb4 */ ;
/*!50003 SET collation_connection  = utf8mb4_0900_ai_ci */ ;
/*!50003 SET @saved_sql_mode       = @@sql_mode */ ;
/*!50003 SET sql_mode              = 'ONLY_FULL_GROUP_BY,STRICT_TRANS_TABLES,NO_ZERO_IN_DATE,NO_ZERO_DATE,ERROR_FOR_DIVISION_BY_ZERO,NO_ENGINE_SUBSTITUTION' */ ;
DELIMITER ;;
CREATE DEFINER=`root`@`localhost` PROCEDURE `check_cred`(IN user varchar(45), IN pass varchar(45))
BEGIN
SELECT * FROM REGISTERED AS R
WHERE R.user_email=user AND R.password = pass;
END ;;
DELIMITER ;
/*!50003 SET sql_mode              = @saved_sql_mode */ ;
/*!50003 SET character_set_client  = @saved_cs_client */ ;
/*!50003 SET character_set_results = @saved_cs_results */ ;
/*!50003 SET collation_connection  = @saved_col_connection */ ;
/*!50003 DROP PROCEDURE IF EXISTS `check_seat` */;
/*!50003 SET @saved_cs_client      = @@character_set_client */ ;
/*!50003 SET @saved_cs_results     = @@character_set_results */ ;
/*!50003 SET @saved_col_connection = @@collation_connection */ ;
/*!50003 SET character_set_client  = utf8mb4 */ ;
/*!50003 SET character_set_results = utf8mb4 */ ;
/*!50003 SET collation_connection  = utf8mb4_0900_ai_ci */ ;
/*!50003 SET @saved_sql_mode       = @@sql_mode */ ;
/*!50003 SET sql_mode              = 'ONLY_FULL_GROUP_BY,STRICT_TRANS_TABLES,NO_ZERO_IN_DATE,NO_ZERO_DATE,ERROR_FOR_DIVISION_BY_ZERO,NO_ENGINE_SUBSTITUTION' */ ;
DELIMITER ;;
CREATE DEFINER=`root`@`localhost` PROCEDURE `check_seat`(IN thetime int, IN movie int,IN rnum int, IN rletter varchar(1), IN tken varchar(1))
BEGIN
SELECT R.res_id
	FROM RESERVATION AS R
    WHERE R.showtime = thetime AND
			R.movie_id = movie AND
            R.row_num = rnum AND
            R.row_letter = rletter AND
            R.taken = tken;
END ;;
DELIMITER ;
/*!50003 SET sql_mode              = @saved_sql_mode */ ;
/*!50003 SET character_set_client  = @saved_cs_client */ ;
/*!50003 SET character_set_results = @saved_cs_results */ ;
/*!50003 SET collation_connection  = @saved_col_connection */ ;
/*!50003 DROP PROCEDURE IF EXISTS `check_voucher` */;
/*!50003 SET @saved_cs_client      = @@character_set_client */ ;
/*!50003 SET @saved_cs_results     = @@character_set_results */ ;
/*!50003 SET @saved_col_connection = @@collation_connection */ ;
/*!50003 SET character_set_client  = utf8mb4 */ ;
/*!50003 SET character_set_results = utf8mb4 */ ;
/*!50003 SET collation_connection  = utf8mb4_0900_ai_ci */ ;
/*!50003 SET @saved_sql_mode       = @@sql_mode */ ;
/*!50003 SET sql_mode              = 'ONLY_FULL_GROUP_BY,STRICT_TRANS_TABLES,NO_ZERO_IN_DATE,NO_ZERO_DATE,ERROR_FOR_DIVISION_BY_ZERO,NO_ENGINE_SUBSTITUTION' */ ;
DELIMITER ;;
CREATE DEFINER=`root`@`localhost` PROCEDURE `check_voucher`(IN v int)
BEGIN
SELECT * FROM VOUCHER
	WHERE voucher_id = v;
END ;;
DELIMITER ;
/*!50003 SET sql_mode              = @saved_sql_mode */ ;
/*!50003 SET character_set_client  = @saved_cs_client */ ;
/*!50003 SET character_set_results = @saved_cs_results */ ;
/*!50003 SET collation_connection  = @saved_col_connection */ ;
/*!50003 DROP PROCEDURE IF EXISTS `create_ordinary` */;
/*!50003 SET @saved_cs_client      = @@character_set_client */ ;
/*!50003 SET @saved_cs_results     = @@character_set_results */ ;
/*!50003 SET @saved_col_connection = @@collation_connection */ ;
/*!50003 SET character_set_client  = utf8mb4 */ ;
/*!50003 SET character_set_results = utf8mb4 */ ;
/*!50003 SET collation_connection  = utf8mb4_0900_ai_ci */ ;
/*!50003 SET @saved_sql_mode       = @@sql_mode */ ;
/*!50003 SET sql_mode              = 'ONLY_FULL_GROUP_BY,STRICT_TRANS_TABLES,NO_ZERO_IN_DATE,NO_ZERO_DATE,ERROR_FOR_DIVISION_BY_ZERO,NO_ENGINE_SUBSTITUTION' */ ;
DELIMITER ;;
CREATE DEFINER=`root`@`localhost` PROCEDURE `create_ordinary`(IN user varchar(45), IN bank varchar(45))
BEGIN
INSERT INTO USER(`user_email`,`bank_info`,`user_type`)
	VALUES(user,bank,"O");
END ;;
DELIMITER ;
/*!50003 SET sql_mode              = @saved_sql_mode */ ;
/*!50003 SET character_set_client  = @saved_cs_client */ ;
/*!50003 SET character_set_results = @saved_cs_results */ ;
/*!50003 SET collation_connection  = @saved_col_connection */ ;
/*!50003 DROP PROCEDURE IF EXISTS `create_payment` */;
/*!50003 SET @saved_cs_client      = @@character_set_client */ ;
/*!50003 SET @saved_cs_results     = @@character_set_results */ ;
/*!50003 SET @saved_col_connection = @@collation_connection */ ;
/*!50003 SET character_set_client  = utf8mb4 */ ;
/*!50003 SET character_set_results = utf8mb4 */ ;
/*!50003 SET collation_connection  = utf8mb4_0900_ai_ci */ ;
/*!50003 SET @saved_sql_mode       = @@sql_mode */ ;
/*!50003 SET sql_mode              = 'ONLY_FULL_GROUP_BY,STRICT_TRANS_TABLES,NO_ZERO_IN_DATE,NO_ZERO_DATE,ERROR_FOR_DIVISION_BY_ZERO,NO_ENGINE_SUBSTITUTION' */ ;
DELIMITER ;;
CREATE DEFINER=`root`@`localhost` PROCEDURE `create_payment`(IN tick int,IN price decimal(18,2))
BEGIN
INSERT INTO PAYMENT(`ticket_id`,`amount`,`payment_date`)
	VALUES(tick,price,DATE(NOW()));
    SELECT LAST_INSERT_ID() AS `payment_id`;
END ;;
DELIMITER ;
/*!50003 SET sql_mode              = @saved_sql_mode */ ;
/*!50003 SET character_set_client  = @saved_cs_client */ ;
/*!50003 SET character_set_results = @saved_cs_results */ ;
/*!50003 SET collation_connection  = @saved_col_connection */ ;
/*!50003 DROP PROCEDURE IF EXISTS `create_receipt` */;
/*!50003 SET @saved_cs_client      = @@character_set_client */ ;
/*!50003 SET @saved_cs_results     = @@character_set_results */ ;
/*!50003 SET @saved_col_connection = @@collation_connection */ ;
/*!50003 SET character_set_client  = utf8mb4 */ ;
/*!50003 SET character_set_results = utf8mb4 */ ;
/*!50003 SET collation_connection  = utf8mb4_0900_ai_ci */ ;
/*!50003 SET @saved_sql_mode       = @@sql_mode */ ;
/*!50003 SET sql_mode              = 'ONLY_FULL_GROUP_BY,STRICT_TRANS_TABLES,NO_ZERO_IN_DATE,NO_ZERO_DATE,ERROR_FOR_DIVISION_BY_ZERO,NO_ENGINE_SUBSTITUTION' */ ;
DELIMITER ;;
CREATE DEFINER=`root`@`localhost` PROCEDURE `create_receipt`(IN id int, IN vouch varchar(1))
BEGIN
INSERT INTO RECEIPT(`payment_id`,`voucher_require`)
	VALUES(id,vouch);
    SELECT LAST_INSERT_ID() AS `receipt_id`;
END ;;
DELIMITER ;
/*!50003 SET sql_mode              = @saved_sql_mode */ ;
/*!50003 SET character_set_client  = @saved_cs_client */ ;
/*!50003 SET character_set_results = @saved_cs_results */ ;
/*!50003 SET collation_connection  = @saved_col_connection */ ;
/*!50003 DROP PROCEDURE IF EXISTS `create_ticket` */;
/*!50003 SET @saved_cs_client      = @@character_set_client */ ;
/*!50003 SET @saved_cs_results     = @@character_set_results */ ;
/*!50003 SET @saved_col_connection = @@collation_connection */ ;
/*!50003 SET character_set_client  = utf8mb4 */ ;
/*!50003 SET character_set_results = utf8mb4 */ ;
/*!50003 SET collation_connection  = utf8mb4_0900_ai_ci */ ;
/*!50003 SET @saved_sql_mode       = @@sql_mode */ ;
/*!50003 SET sql_mode              = 'ONLY_FULL_GROUP_BY,STRICT_TRANS_TABLES,NO_ZERO_IN_DATE,NO_ZERO_DATE,ERROR_FOR_DIVISION_BY_ZERO,NO_ENGINE_SUBSTITUTION' */ ;
DELIMITER ;;
CREATE DEFINER=`root`@`localhost` PROCEDURE `create_ticket`(IN res int, IN user varchar(45))
BEGIN
UPDATE RESERVATION AS R
	SET R.taken = "Y"
    WHERE R.res_id = res;
INSERT INTO TICKET(`user_id`,`res_id`)
	VALUES(user,res);
    SELECT LAST_INSERT_ID() AS ticket_id;
END ;;
DELIMITER ;
/*!50003 SET sql_mode              = @saved_sql_mode */ ;
/*!50003 SET character_set_client  = @saved_cs_client */ ;
/*!50003 SET character_set_results = @saved_cs_results */ ;
/*!50003 SET collation_connection  = @saved_col_connection */ ;
/*!50003 DROP PROCEDURE IF EXISTS `create_voucher` */;
/*!50003 SET @saved_cs_client      = @@character_set_client */ ;
/*!50003 SET @saved_cs_results     = @@character_set_results */ ;
/*!50003 SET @saved_col_connection = @@collation_connection */ ;
/*!50003 SET character_set_client  = utf8mb4 */ ;
/*!50003 SET character_set_results = utf8mb4 */ ;
/*!50003 SET collation_connection  = utf8mb4_0900_ai_ci */ ;
/*!50003 SET @saved_sql_mode       = @@sql_mode */ ;
/*!50003 SET sql_mode              = 'ONLY_FULL_GROUP_BY,STRICT_TRANS_TABLES,NO_ZERO_IN_DATE,NO_ZERO_DATE,ERROR_FOR_DIVISION_BY_ZERO,NO_ENGINE_SUBSTITUTION' */ ;
DELIMITER ;;
CREATE DEFINER=`root`@`localhost` PROCEDURE `create_voucher`()
BEGIN
INSERT INTO VOUCHER(`exp_date`)
	VALUES(DATE(NOW()) + INTERVAL 2 DAY);
SELECT * FROM VOUCHER AS V
	WHERE V.voucher_id = (SELECT last_insert_id());
END ;;
DELIMITER ;
/*!50003 SET sql_mode              = @saved_sql_mode */ ;
/*!50003 SET character_set_client  = @saved_cs_client */ ;
/*!50003 SET character_set_results = @saved_cs_results */ ;
/*!50003 SET collation_connection  = @saved_col_connection */ ;
/*!50003 DROP PROCEDURE IF EXISTS `delete_ticket` */;
/*!50003 SET @saved_cs_client      = @@character_set_client */ ;
/*!50003 SET @saved_cs_results     = @@character_set_results */ ;
/*!50003 SET @saved_col_connection = @@collation_connection */ ;
/*!50003 SET character_set_client  = utf8mb4 */ ;
/*!50003 SET character_set_results = utf8mb4 */ ;
/*!50003 SET collation_connection  = utf8mb4_0900_ai_ci */ ;
/*!50003 SET @saved_sql_mode       = @@sql_mode */ ;
/*!50003 SET sql_mode              = 'ONLY_FULL_GROUP_BY,STRICT_TRANS_TABLES,NO_ZERO_IN_DATE,NO_ZERO_DATE,ERROR_FOR_DIVISION_BY_ZERO,NO_ENGINE_SUBSTITUTION' */ ;
DELIMITER ;;
CREATE DEFINER=`root`@`localhost` PROCEDURE `delete_ticket`(IN id int)
BEGIN
UPDATE RESERVATION AS R
SET R.taken = "N"
WHERE R.res_id = (SELECT T.res_id FROM TICKET AS T WHERE T.ticket_id = id);
DELETE FROM TICKET AS T
WHERE T.ticket_id = id;
END ;;
DELIMITER ;
/*!50003 SET sql_mode              = @saved_sql_mode */ ;
/*!50003 SET character_set_client  = @saved_cs_client */ ;
/*!50003 SET character_set_results = @saved_cs_results */ ;
/*!50003 SET collation_connection  = @saved_col_connection */ ;
/*!50003 DROP PROCEDURE IF EXISTS `get_movies` */;
/*!50003 SET @saved_cs_client      = @@character_set_client */ ;
/*!50003 SET @saved_cs_results     = @@character_set_results */ ;
/*!50003 SET @saved_col_connection = @@collation_connection */ ;
/*!50003 SET character_set_client  = utf8mb4 */ ;
/*!50003 SET character_set_results = utf8mb4 */ ;
/*!50003 SET collation_connection  = utf8mb4_0900_ai_ci */ ;
/*!50003 SET @saved_sql_mode       = @@sql_mode */ ;
/*!50003 SET sql_mode              = 'ONLY_FULL_GROUP_BY,STRICT_TRANS_TABLES,NO_ZERO_IN_DATE,NO_ZERO_DATE,ERROR_FOR_DIVISION_BY_ZERO,NO_ENGINE_SUBSTITUTION' */ ;
DELIMITER ;;
CREATE DEFINER=`root`@`localhost` PROCEDURE `get_movies`()
BEGIN
SELECT *
FROM MOVIE;
END ;;
DELIMITER ;
/*!50003 SET sql_mode              = @saved_sql_mode */ ;
/*!50003 SET character_set_client  = @saved_cs_client */ ;
/*!50003 SET character_set_results = @saved_cs_results */ ;
/*!50003 SET collation_connection  = @saved_col_connection */ ;
/*!50003 DROP PROCEDURE IF EXISTS `get_price` */;
/*!50003 SET @saved_cs_client      = @@character_set_client */ ;
/*!50003 SET @saved_cs_results     = @@character_set_results */ ;
/*!50003 SET @saved_col_connection = @@collation_connection */ ;
/*!50003 SET character_set_client  = utf8mb4 */ ;
/*!50003 SET character_set_results = utf8mb4 */ ;
/*!50003 SET collation_connection  = utf8mb4_0900_ai_ci */ ;
/*!50003 SET @saved_sql_mode       = @@sql_mode */ ;
/*!50003 SET sql_mode              = 'ONLY_FULL_GROUP_BY,STRICT_TRANS_TABLES,NO_ZERO_IN_DATE,NO_ZERO_DATE,ERROR_FOR_DIVISION_BY_ZERO,NO_ENGINE_SUBSTITUTION' */ ;
DELIMITER ;;
CREATE DEFINER=`root`@`localhost` PROCEDURE `get_price`(IN id int)
BEGIN
SELECT M.movie_price
	FROM MOVIE AS M
    WHERE M.movie_id = id;
END ;;
DELIMITER ;
/*!50003 SET sql_mode              = @saved_sql_mode */ ;
/*!50003 SET character_set_client  = @saved_cs_client */ ;
/*!50003 SET character_set_results = @saved_cs_results */ ;
/*!50003 SET collation_connection  = @saved_col_connection */ ;
/*!50003 DROP PROCEDURE IF EXISTS `get_receipt_info` */;
/*!50003 SET @saved_cs_client      = @@character_set_client */ ;
/*!50003 SET @saved_cs_results     = @@character_set_results */ ;
/*!50003 SET @saved_col_connection = @@collation_connection */ ;
/*!50003 SET character_set_client  = utf8mb4 */ ;
/*!50003 SET character_set_results = utf8mb4 */ ;
/*!50003 SET collation_connection  = utf8mb4_0900_ai_ci */ ;
/*!50003 SET @saved_sql_mode       = @@sql_mode */ ;
/*!50003 SET sql_mode              = 'ONLY_FULL_GROUP_BY,STRICT_TRANS_TABLES,NO_ZERO_IN_DATE,NO_ZERO_DATE,ERROR_FOR_DIVISION_BY_ZERO,NO_ENGINE_SUBSTITUTION' */ ;
DELIMITER ;;
CREATE DEFINER=`root`@`localhost` PROCEDURE `get_receipt_info`(IN receipt int)
BEGIN
SELECT P.payment_date, P.amount
FROM PAYMENT AS P, RECEIPT AS T
WHERE P.payment_id = T.payment_id AND T.receipt_id =receipt;
END ;;
DELIMITER ;
/*!50003 SET sql_mode              = @saved_sql_mode */ ;
/*!50003 SET character_set_client  = @saved_cs_client */ ;
/*!50003 SET character_set_results = @saved_cs_results */ ;
/*!50003 SET collation_connection  = @saved_col_connection */ ;
/*!50003 DROP PROCEDURE IF EXISTS `get_seats` */;
/*!50003 SET @saved_cs_client      = @@character_set_client */ ;
/*!50003 SET @saved_cs_results     = @@character_set_results */ ;
/*!50003 SET @saved_col_connection = @@collation_connection */ ;
/*!50003 SET character_set_client  = utf8mb4 */ ;
/*!50003 SET character_set_results = utf8mb4 */ ;
/*!50003 SET collation_connection  = utf8mb4_0900_ai_ci */ ;
/*!50003 SET @saved_sql_mode       = @@sql_mode */ ;
/*!50003 SET sql_mode              = 'ONLY_FULL_GROUP_BY,STRICT_TRANS_TABLES,NO_ZERO_IN_DATE,NO_ZERO_DATE,ERROR_FOR_DIVISION_BY_ZERO,NO_ENGINE_SUBSTITUTION' */ ;
DELIMITER ;;
CREATE DEFINER=`root`@`localhost` PROCEDURE `get_seats`(IN time int, IN movie int)
BEGIN
SELECT R.row_num,R.row_letter,R.taken
	FROM RESERVATION AS R
    WHERE R.movie_id = movie AND R.showtime = time;
END ;;
DELIMITER ;
/*!50003 SET sql_mode              = @saved_sql_mode */ ;
/*!50003 SET character_set_client  = @saved_cs_client */ ;
/*!50003 SET character_set_results = @saved_cs_results */ ;
/*!50003 SET collation_connection  = @saved_col_connection */ ;
/*!50003 DROP PROCEDURE IF EXISTS `get_ticket_info` */;
/*!50003 SET @saved_cs_client      = @@character_set_client */ ;
/*!50003 SET @saved_cs_results     = @@character_set_results */ ;
/*!50003 SET @saved_col_connection = @@collation_connection */ ;
/*!50003 SET character_set_client  = utf8mb4 */ ;
/*!50003 SET character_set_results = utf8mb4 */ ;
/*!50003 SET collation_connection  = utf8mb4_0900_ai_ci */ ;
/*!50003 SET @saved_sql_mode       = @@sql_mode */ ;
/*!50003 SET sql_mode              = 'ONLY_FULL_GROUP_BY,STRICT_TRANS_TABLES,NO_ZERO_IN_DATE,NO_ZERO_DATE,ERROR_FOR_DIVISION_BY_ZERO,NO_ENGINE_SUBSTITUTION' */ ;
DELIMITER ;;
CREATE DEFINER=`root`@`localhost` PROCEDURE `get_ticket_info`(IN ticket int)
BEGIN
SELECT M.movie_title,R.showtime, R.row_num,R.row_letter,T.user_id
FROM MOVIE AS M,RESERVATION AS R, TICKET AS T
WHERE T.res_id = R.res_id AND M.movie_id = R.movie_id AND T.ticket_id = ticket;
END ;;
DELIMITER ;
/*!50003 SET sql_mode              = @saved_sql_mode */ ;
/*!50003 SET character_set_client  = @saved_cs_client */ ;
/*!50003 SET character_set_results = @saved_cs_results */ ;
/*!50003 SET collation_connection  = @saved_col_connection */ ;
/*!50003 DROP PROCEDURE IF EXISTS `get_times` */;
/*!50003 SET @saved_cs_client      = @@character_set_client */ ;
/*!50003 SET @saved_cs_results     = @@character_set_results */ ;
/*!50003 SET @saved_col_connection = @@collation_connection */ ;
/*!50003 SET character_set_client  = utf8mb4 */ ;
/*!50003 SET character_set_results = utf8mb4 */ ;
/*!50003 SET collation_connection  = utf8mb4_0900_ai_ci */ ;
/*!50003 SET @saved_sql_mode       = @@sql_mode */ ;
/*!50003 SET sql_mode              = 'ONLY_FULL_GROUP_BY,STRICT_TRANS_TABLES,NO_ZERO_IN_DATE,NO_ZERO_DATE,ERROR_FOR_DIVISION_BY_ZERO,NO_ENGINE_SUBSTITUTION' */ ;
DELIMITER ;;
CREATE DEFINER=`root`@`localhost` PROCEDURE `get_times`(IN movie int)
BEGIN
SELECT DISTINCT R.showtime
	FROM RESERVATION AS R
    WHERE movie_id = movie;
END ;;
DELIMITER ;
/*!50003 SET sql_mode              = @saved_sql_mode */ ;
/*!50003 SET character_set_client  = @saved_cs_client */ ;
/*!50003 SET character_set_results = @saved_cs_results */ ;
/*!50003 SET collation_connection  = @saved_col_connection */ ;
/*!50003 DROP PROCEDURE IF EXISTS `get_title` */;
/*!50003 SET @saved_cs_client      = @@character_set_client */ ;
/*!50003 SET @saved_cs_results     = @@character_set_results */ ;
/*!50003 SET @saved_col_connection = @@collation_connection */ ;
/*!50003 SET character_set_client  = utf8mb4 */ ;
/*!50003 SET character_set_results = utf8mb4 */ ;
/*!50003 SET collation_connection  = utf8mb4_0900_ai_ci */ ;
/*!50003 SET @saved_sql_mode       = @@sql_mode */ ;
/*!50003 SET sql_mode              = 'ONLY_FULL_GROUP_BY,STRICT_TRANS_TABLES,NO_ZERO_IN_DATE,NO_ZERO_DATE,ERROR_FOR_DIVISION_BY_ZERO,NO_ENGINE_SUBSTITUTION' */ ;
DELIMITER ;;
CREATE DEFINER=`root`@`localhost` PROCEDURE `get_title`(IN id int)
BEGIN
SELECT M.movie_title
FROM MOVIE AS M
WHERE M.movie_id = id;
END ;;
DELIMITER ;
/*!50003 SET sql_mode              = @saved_sql_mode */ ;
/*!50003 SET character_set_client  = @saved_cs_client */ ;
/*!50003 SET character_set_results = @saved_cs_results */ ;
/*!50003 SET collation_connection  = @saved_col_connection */ ;
/*!50003 DROP PROCEDURE IF EXISTS `get_voucher_status` */;
/*!50003 SET @saved_cs_client      = @@character_set_client */ ;
/*!50003 SET @saved_cs_results     = @@character_set_results */ ;
/*!50003 SET @saved_col_connection = @@collation_connection */ ;
/*!50003 SET character_set_client  = utf8mb4 */ ;
/*!50003 SET character_set_results = utf8mb4 */ ;
/*!50003 SET collation_connection  = utf8mb4_0900_ai_ci */ ;
/*!50003 SET @saved_sql_mode       = @@sql_mode */ ;
/*!50003 SET sql_mode              = 'ONLY_FULL_GROUP_BY,STRICT_TRANS_TABLES,NO_ZERO_IN_DATE,NO_ZERO_DATE,ERROR_FOR_DIVISION_BY_ZERO,NO_ENGINE_SUBSTITUTION' */ ;
DELIMITER ;;
CREATE DEFINER=`root`@`localhost` PROCEDURE `get_voucher_status`(IN id int)
BEGIN
SELECT R.voucher_require
	FROM RECEIPT AS R
    WHERE R.receipt_id = id;
END ;;
DELIMITER ;
/*!50003 SET sql_mode              = @saved_sql_mode */ ;
/*!50003 SET character_set_client  = @saved_cs_client */ ;
/*!50003 SET character_set_results = @saved_cs_results */ ;
/*!50003 SET collation_connection  = @saved_col_connection */ ;
/*!50003 DROP PROCEDURE IF EXISTS `redeem_voucher` */;
/*!50003 SET @saved_cs_client      = @@character_set_client */ ;
/*!50003 SET @saved_cs_results     = @@character_set_results */ ;
/*!50003 SET @saved_col_connection = @@collation_connection */ ;
/*!50003 SET character_set_client  = utf8mb4 */ ;
/*!50003 SET character_set_results = utf8mb4 */ ;
/*!50003 SET collation_connection  = utf8mb4_0900_ai_ci */ ;
/*!50003 SET @saved_sql_mode       = @@sql_mode */ ;
/*!50003 SET sql_mode              = 'ONLY_FULL_GROUP_BY,STRICT_TRANS_TABLES,NO_ZERO_IN_DATE,NO_ZERO_DATE,ERROR_FOR_DIVISION_BY_ZERO,NO_ENGINE_SUBSTITUTION' */ ;
DELIMITER ;;
CREATE DEFINER=`root`@`localhost` PROCEDURE `redeem_voucher`(IN id int)
BEGIN
DELETE FROM VOUCHER AS V
WHERE V.voucher_id = id;
END ;;
DELIMITER ;
/*!50003 SET sql_mode              = @saved_sql_mode */ ;
/*!50003 SET character_set_client  = @saved_cs_client */ ;
/*!50003 SET character_set_results = @saved_cs_results */ ;
/*!50003 SET collation_connection  = @saved_col_connection */ ;
/*!50003 DROP PROCEDURE IF EXISTS `renew_member` */;
/*!50003 SET @saved_cs_client      = @@character_set_client */ ;
/*!50003 SET @saved_cs_results     = @@character_set_results */ ;
/*!50003 SET @saved_col_connection = @@collation_connection */ ;
/*!50003 SET character_set_client  = utf8mb4 */ ;
/*!50003 SET character_set_results = utf8mb4 */ ;
/*!50003 SET collation_connection  = utf8mb4_0900_ai_ci */ ;
/*!50003 SET @saved_sql_mode       = @@sql_mode */ ;
/*!50003 SET sql_mode              = 'ONLY_FULL_GROUP_BY,STRICT_TRANS_TABLES,NO_ZERO_IN_DATE,NO_ZERO_DATE,ERROR_FOR_DIVISION_BY_ZERO,NO_ENGINE_SUBSTITUTION' */ ;
DELIMITER ;;
CREATE DEFINER=`root`@`localhost` PROCEDURE `renew_member`(IN user varchar(45), IN pass varchar(45))
BEGIN
UPDATE REGISTERED AS R
	SET R.exp_date = (SELECT DATE_ADD(R.exp_date,INTERVAL 1 YEAR))
    WHERE R.user_email = user AND R.password = pass;
SELECT R.user_email, R.exp_date
	FROM REGISTERED AS R
    WHERE R.user_email = `user`;
END ;;
DELIMITER ;
/*!50003 SET sql_mode              = @saved_sql_mode */ ;
/*!50003 SET character_set_client  = @saved_cs_client */ ;
/*!50003 SET character_set_results = @saved_cs_results */ ;
/*!50003 SET collation_connection  = @saved_col_connection */ ;
/*!40103 SET TIME_ZONE=@OLD_TIME_ZONE */;

/*!40101 SET SQL_MODE=@OLD_SQL_MODE */;
/*!40014 SET FOREIGN_KEY_CHECKS=@OLD_FOREIGN_KEY_CHECKS */;
/*!40014 SET UNIQUE_CHECKS=@OLD_UNIQUE_CHECKS */;
/*!40101 SET CHARACTER_SET_CLIENT=@OLD_CHARACTER_SET_CLIENT */;
/*!40101 SET CHARACTER_SET_RESULTS=@OLD_CHARACTER_SET_RESULTS */;
/*!40101 SET COLLATION_CONNECTION=@OLD_COLLATION_CONNECTION */;
/*!40111 SET SQL_NOTES=@OLD_SQL_NOTES */;

-- Dump completed on 2020-12-01  1:13:14
